ip_adress,ip_address,time
,3.253.27.206,
,91.250.144.90,
,91.250.144.90,2023-04-05 13:21:16
,91.250.144.90,2023-04-05 13:25:30
,3.252.52.76,2023-04-05 11:27:17
,54.74.207.108,2023-04-05 11:33:46
,52.213.138.123,2023-04-05 11:42:57
,34.241.148.216,2023-04-05 11:52:51
,3.249.227.102,2023-04-05 12:05:35
,54.216.16.112,2023-04-05 12:15:36
,34.252.247.73,2023-04-05 12:24:02
,3.253.9.93,2023-04-05 12:33:30
,3.249.234.91,2023-04-05 12:43:02
,3.251.64.115,2023-04-05 12:53:24
,52.213.138.123,2023-04-05 13:05:22
,54.246.40.203,2023-04-05 13:15:15
,34.253.24.165,2023-04-05 13:24:11
,52.49.183.42,2023-04-05 13:34:16
,3.252.253.254,2023-04-05 13:43:35
,18.202.34.143,2023-04-05 14:05:21
,34.240.16.71,2023-04-05 14:14:51
,3.249.244.114,2023-04-05 14:24:11
,34.240.172.243,2023-04-05 14:34:10
,<Response [200]>,2023-04-05 16:41:39
,52.49.198.149,2023-04-05 14:43:05
,54.216.16.112,2023-04-05 14:53:01
,63.35.222.212,2023-04-05 15:04:54
,34.254.234.166,2023-04-05 15:14:55
,52.17.142.103,2023-04-05 15:24:00
,18.202.58.139,2023-04-05 15:33:13
,3.252.144.42,2023-04-05 15:42:41
,52.19.139.109,2023-04-05 15:52:39
,3.250.236.238,2023-04-05 16:04:08
,34.243.188.70,2023-04-05 16:13:27
,3.249.60.57,2023-04-05 16:23:01
,34.250.129.33,2023-04-05 16:32:57
,34.245.129.234,2023-04-05 16:42:27
,54.216.153.16,2023-04-05 16:52:54
,54.171.50.42,2023-04-05 17:04:56
,34.245.87.25,2023-04-05 17:14:39
,63.33.64.154,2023-04-05 17:24:00
,3.253.140.194,2023-04-05 17:33:54
,34.242.186.45,2023-04-05 17:42:56
,54.171.169.41,2023-04-05 17:52:37
,34.245.136.118,2023-04-05 18:04:50
,52.50.203.94,2023-04-05 18:15:01
,176.34.71.25,2023-04-05 18:24:00
,34.244.156.151,2023-04-05 18:33:19
,3.252.27.150,2023-04-05 18:43:21
,3.250.222.247,2023-04-05 18:52:40
,54.77.12.209,2023-04-05 19:04:11
,52.49.183.42,2023-04-05 19:14:00
,3.251.64.115,2023-04-05 19:24:08
,52.214.24.115,2023-04-05 19:34:14
,3.250.150.157,2023-04-05 19:42:29
,3.249.227.102,2023-04-05 19:52:33
,3.252.158.11,2023-04-05 20:03:51
,34.250.108.121,2023-04-05 20:14:30
,54.246.40.203,2023-04-05 20:24:21
,54.216.191.149,2023-04-05 20:34:02
,3.249.46.102,2023-04-05 20:42:48
,34.242.221.112,2023-04-05 20:52:55
,34.255.98.208,2023-04-05 21:04:23
,3.250.14.15,2023-04-05 21:15:09
,3.250.222.247,2023-04-05 21:24:06
,34.244.57.127,2023-04-05 21:33:29
,54.154.115.137,2023-04-05 21:43:01
,34.249.7.201,2023-04-05 21:53:02
,52.51.120.107,2023-04-05 22:05:06
,3.252.162.21,2023-04-05 22:14:30
,3.253.2.29,2023-04-05 22:23:45
,3.250.236.238,2023-04-05 22:33:29
,3.253.131.92,2023-04-05 22:42:58
,34.252.247.73,2023-04-05 22:52:41
,34.250.116.51,2023-04-05 23:04:43
,3.253.140.194,2023-04-05 23:14:42
,18.203.251.208,2023-04-05 23:24:09
,34.245.47.164,2023-04-05 23:33:32
,63.35.222.212,2023-04-05 23:43:44
,54.247.18.232,2023-04-05 23:52:32
,54.78.208.150,2023-04-06 00:05:49
,3.252.224.33,2023-04-06 00:16:45
,3.249.31.21,2023-04-06 00:24:06
,34.245.129.234,2023-04-06 00:33:33
,34.243.178.195,2023-04-06 00:43:39
,63.33.212.139,2023-04-06 00:53:27
,34.245.141.169,2023-04-06 01:05:37
,34.240.24.184,2023-04-06 01:14:31
,3.249.168.68,2023-04-06 01:23:31
,54.171.125.94,2023-04-06 01:33:18
,54.155.187.184,2023-04-06 01:42:53
,34.241.120.17,2023-04-06 01:52:38
,3.251.68.192,2023-04-06 02:05:34
,54.154.26.86,2023-04-06 02:15:09
,34.245.141.169,2023-04-06 02:24:00
,54.154.91.248,2023-04-06 02:34:14
,3.252.158.60,2023-04-06 02:41:55
,54.77.12.209,2023-04-06 02:51:42
,52.208.19.247,2023-04-06 03:04:47
,3.253.131.92,2023-04-06 03:14:34
,52.214.226.152,2023-04-06 03:22:59
,54.72.59.127,2023-04-06 03:33:27
,52.16.110.179,2023-04-06 03:42:13
,52.16.110.179,2023-04-06 03:52:20
,54.216.191.149,2023-04-06 04:04:41
,34.245.196.169,2023-04-06 04:15:04
,34.245.155.170,2023-04-06 04:23:09
,3.252.162.21,2023-04-06 04:33:33
,34.241.161.173,2023-04-06 04:42:04
,52.51.163.34,2023-04-06 04:51:45
,54.171.50.42,2023-04-06 05:04:48
,52.215.235.105,2023-04-06 05:14:14
,3.252.188.165,2023-04-06 05:23:03
,54.75.73.107,2023-04-06 05:33:38
,34.241.117.190,2023-04-06 05:42:01
,3.248.226.231,2023-04-06 05:52:44
,34.249.186.178,2023-04-06 06:04:43
